UX Ori         ,05 04 29.9,-03 47 16.8, 8500, 3.90, 1.54, 2.1, 2.7, 0.48,  4.24, 600,  ,<=, 0.04,<=, 0.7,<=, -7.26,Methods 1 and 2,<=, 0.13,y,10.94,10.71,10.34,10.12, 9.88, 8410, , 340,UX Ori
PDS 174        ,05 06 55.4,-03 21 16.0,17000, 4.10, 2.91, 5.0, 3.3, 3.51,  0.60,1126,  ,<=, 0.02,<=, 2.8,<=, -6.76,Method 2       ,<=, 0.92,y,13.54,13.65,12.84,12.18,11.42,18700, , 340,PDS 174
V1012 Ori      ,05 11 36.5,-02 22 51.1, 8500, 4.38, 0.94, 1.6, 1.4, 1.32, 15.16, 445,+*,  , 0.19,  , 4.4,  , -7.20,Methods 1 and 2,  , 0.35,y,12.62,12.46,12.04,11.61,11.25, 8600, , 340,V1012 Ori
HD 34282       ,05 16 00.4,-09 48 38.5, 9500, 4.40, 1.17, 1.9, 1.4, 0.01, 10.00, 366,  ,  , 0.06,  , 1.7,  , -7.69,Method 1       ,  ,-0.06,y,10.15,10.05, 9.89, 9.81, 9.71, 8720, , 340,HD 34282
HD 287823      ,05 24 08.1,+02 27 44.4, 8375, 4.23, 1.09, 1.7, 1.7, 0.00,  9.01, 340,+ ,  , 0.15,  , 3.0,  , -7.13,Methods 1 and 2,  , 0.37,y, 9.98, 9.90, 9.68, 9.59, 9.48, 8720, , 340,HD 287823
HD 287841      ,05 24 42.8,+01 43 45.4, 7750, 4.27, 0.87, 1.5, 1.5, 0.00, 14.07, 340,+ ,<=, 0.05,<=, 0.8,<=, -7.82,Methods 1 and 2,<=,-0.32,y,10.63,10.50,10.21,10.06, 9.89, 8990, , 340,HD 287841
HD 290409      ,05 27 05.3,+00 25 04.9, 9750, 4.25, 1.42, 2.1, 1.8, 0.00,  5.50, 514,  ,<=, 0.07,<=, 2.1,<=, -7.31,Methods 1 and 2,<=, 0.25,y,10.20,10.11,10.02, 9.96, 9.89,10500, , 340,HD 290409
HD 35929       ,05 27 42.6,-08 19 40.8, 7000, 3.47, 1.76, 2.9, 5.2, 0.00,  1.65, 360,+ ,  , 0.10,  , 1.0,  , -6.37,Methods 1 and 2,  , 0.87,y, 8.71, 8.53, 8.12, 7.87, 7.61, 6870, , 360,HD 35929
HD 290500      ,05 29 48.0,-00 23 45.8, 9500, 3.80, 1.94, 2.8, 3.5, 0.00,  2.26,1522,  ,  , 0.21,  , 6.1,  , -6.11,Methods 1 and 2,  , 1.29,y,11.41,11.35,11.04,     ,     , 8970, , 470,HD 290500
HD 244314      ,05 30 18.9,+11 20 18.2, 8500, 4.15, 1.21, 1.8, 1.9, 0.10,  7.52, 440,+ ,  , 0.12,  , 2.4,  , -7.12,Methods 1 and 2,  , 0.35,y,10.42,10.30,10.10, 9.96, 9.80, 8720, , 440,HD 244314
HK Ori         ,05 31 28.1,+12 09 07.6, 8500, 4.22, 1.13, 1.7, 1.7, 1.21,  8.73, 440,+ ,  , 0.66,  ,27.7,  , -6.17,Methods 1 and 2,  , 1.33,y,11.72,11.79,11.41,11.05,10.66, 8460, , 440,HK Ori
HD 244604      ,05 31 57.3,+11 17 38.8, 9000, 3.99, 1.54, 2.1, 2.4, 0.14,  4.56, 440,+ ,  , 0.05,  , 1.1,  , -7.22,Method 1       ,  , 0.22,y, 9.68, 9.57, 9.38, 9.27, 9.12, 8720, , 440,HD 244604
UY Ori         ,05 32 00.4,-04 55 54.6, 9750, 4.30, 1.36, 2.0, 1.7, 1.11,  6.35,1027,  ,<=, 0.02,<=, 0.6,<=, -7.92,Methods 1 and 2,<=,-0.35,y,13.38,13.16,12.79,12.56,12.19,10500, , 510,UY Ori
HD 245185      ,05 35 09.7,+10 01 49.9,10000, 4.25, 1.49, 2.2, 1.8, 0.00,  4.91, 519,  ,<=, 0.07,<=, 2.3,<=, -7.29,Methods 1 and 2,<=, 0.29,y,10.02,10.00, 9.91, 9.87, 9.82, 9520, , 440,HD 245185
T Ori          ,05 35 50.6,-05 28 36.9, 9000, 3.60, 2.12, 3.3, 4.8, 1.50,  1.35, 750,  ,<=, 0.05,<=, 1.0,<=, -6.54,Methods 1 and 2,<=, 0.79,y,11.38,10.98,10.43,10.10, 9.63, 8660, , 510,T Ori
V380 Ori       ,05 36 25.5,-06 42 58.9, 9750, 4.00, 1.71, 2.3, 2.5, 2.21,  3.73, 330,  ,  , 0.87,  ,80.3,  , -5.34,Methods 1 and 2,  , 2.12,y,10.80,11.04,10.53,10.11, 9.50, 9230, , 510,V380 Ori
HD 37258       ,05 36 59.1,-06 09 17.9, 9750, 4.25, 1.42, 2.1, 1.8, 0.06,  5.50, 424,  ,  , 0.14,  , 4.5,  , -6.98,Methods 1 and 2,  , 0.58,y, 9.84, 9.80, 9.67, 9.59, 9.49, 8970, , 510,HD 37258
HD 290770      ,05 37 02.5,-01 37 21.3,10500, 4.20, 1.64, 2.3, 2.0, 0.00,  4.16, 440,  ,  , 0.15,  , 6.2,  , -6.74,Methods 1 and 2,  , 0.82,y, 9.18, 9.30, 9.27, 9.23, 9.18,10500, , 470,HD 290770
BF Ori         ,05 37 13.2,-06 35 03.3, 9000, 3.97, 1.57, 2.1, 2.5, 0.33,  4.34, 510,+ ,  , 0.15,  , 3.6,  , -6.65,Method 2       ,  , 0.77,y,10.34,10.05, 9.82, 9.68, 9.48, 8990, , 510,BF Ori
HD 37357       ,05 37 47.2,-06 42 31.7, 9500, 4.10, 1.52, 2.1, 2.1, 0.00,  4.93, 344,  ,  , 0.30,  ,10.1,  , -6.42,Methods 1 and 2,  , 1.08,y, 9.00, 8.95, 8.84, 8.79, 8.72, 9230, , 510,HD 37357
HD 290764      ,05 38 05.3,-01 15 22.2, 7875, 3.90, 1.36, 1.9, 2.6, 0.16,  5.25, 470,+ ,  , 0.21,  , 3.5,  , -6.56,Methods 1 and 2,  , 0.80,y,10.29,10.20, 9.88, 9.68, 9.44, 7200, , 470,HD 290764
HD 37411       ,05 38 14.6,-05 25 14.4, 9750, 4.35, 1.28, 1.9, 1.5, 0.21,  9.00, 358,  ,  , 0.15,  , 4.9,  , -7.13,Methods 1 and 2,  , 0.47,y,10.07, 9.95, 9.82, 9.72, 9.58, 9100, , 510,HD 37411
V599 Ori       ,05 38 58.4,-07 16 49.2, 8000, 3.72, 1.68, 2.5, 3.6, 4.65,  2.82, 510,+ ,<=, 0.01,<=, 0.1,<=, -7.67,Method 2       ,<=,-0.33,y,17.07,15.41,13.76,12.69,11.55, 7200, , 510,V599 Ori
V350 Ori       ,05 40 11.9,-09 42 12.2, 9000, 4.18, 1.31, 1.9, 1.9, 0.69,  6.41, 510,+ ,  , 0.15,  , 3.7,  , -6.95,Methods 1 and 2,  , 0.55,y,11.39,11.15,10.82,10.62,10.34, 8990, , 510,V350 Ori
HD 250550      ,06 01 59.9,+16 30 53.4,11000, 3.80, 2.28, 3.4, 3.8, 0.00,  1.42, 973,  ,  , 0.30,  ,17.1,  , -5.63,Methods 1 and 2,  , 1.82,y, 9.34, 9.61, 9.54, 9.32, 9.54,10750, , 280,HD 250550
V791 Mon       ,06 02 15.0,-10 01 01.4,15000, 4.30, 2.35, 3.6, 2.2, 1.17,  1.80, 648,  ,  , 0.19,  ,27.5,  , -6.16,Methods 1 and 2,  , 1.55,y,10.31,10.68,10.38,10.12, 9.87,18700, ,1100,V791 Mon
PDS 124        ,06 06 58.5,-05 55 09.2,10250, 4.30, 1.47, 2.2, 1.7, 1.23,  5.48, 894,  ,  , 0.11,  , 4.1,  , -7.11,Method 2       ,  , 0.50,y,13.15,12.97,12.44,12.15,11.81, 9520, , 830,PDS 124
LkHa 339       ,06 10 57.7,-06 14 41.8,10500, 4.20, 1.64, 2.3, 2.0, 3.54,  4.16, 597,  ,  , 0.13,  , 5.3,  , -6.81,Method 2       ,  , 0.75,y,14.59,14.24,13.47,12.80,11.93, 9230, , 830,LkHa 339
VY Mon         ,06 31 06.8,+10 26 02.9,12000, 3.75, 2.56, 4.0, 4.4, 5.68,  0.89, 439,  ,  , 0.23,  ,17.5,  , -5.50,Methods 1 and 2,  , 1.96,y,15.28,14.56,12.97,11.82,10.60, 8200, , 800,VY Mon
R Mon          ,06 39 10.0,+08 44 08.2,12000, 4.00, 2.19, 3.1, 2.9, 2.42,  1.92, 800,+ ,  , 0.86,  ,    ,  ,      ,Methods 1 and 2,  ,     ,n,12.17,12.53,11.93,11.41,10.87,12400, , 800,R Mon
V590 Mon       ,06 40 44.7,+09 47 59.7,12500, 4.20, 2.06, 3.1, 2.3, 1.03,  2.19,1722,  ,  ,     ,  ,    ,  ,      ,---            ,  ,     ,-,12.52,12.75,12.60,12.42,12.12,13000, , 800,V590 Mon
PDS 24         ,06 48 41.8,-16 48 06.0,10500, 4.20, 1.64, 2.3, 2.0, 1.11,  4.16,1646,  ,<=, 0.05,<=, 1.9,<=, -7.25,Method 2       ,<=, 0.31,y,13.94,13.62,13.26,12.98,12.69,10500, , 590,PDS 24
PDS 130        ,06 49 58.7,-07 38 52.1,10500, 3.90, 2.02, 2.8, 3.1, 2.07,  2.25,1748,  ,  , 0.16,  , 6.6,  , -6.23,Methods 1 and 2,  , 1.22,y,14.42,14.06,13.40,12.96,12.44,10500, , 830,PDS 130
PDS 229N       ,06 55 40.1,-03 09 53.1,12500, 4.20, 2.06, 3.1, 2.3, 2.03,  2.19,1379,  ,  , 0.09,  , 6.4,  , -6.67,Method 2       ,  , 0.96,y,13.82,13.70,13.13,12.74,12.24, 9520, , 830,PDS 229
GU CMa         ,07 01 49.6,-11 18 03.9,22500, 3.90, 3.87, 9.5, 5.7, 0.57,  0.11, 531,  ,  , 0.14,  ,60.3,  , -5.00,Methods 1 and 2,  , 2.72,y, 5.88, 6.56, 6.54, 6.47, 6.37,25000, ,1050,GU CMa
HT CMa         ,07 02 42.7,-11 26 12.3,10500, 4.00, 1.88, 2.6, 2.6, 0.23,  2.96,1634,  ,  , 0.11,  , 4.3,  , -6.61,Methods 1 and 2,  , 0.89,y,12.55,12.29,11.87,11.38,11.87, 9520, ,1050,HT CMa
Z CMa          ,07 03 43.2,-11 33 06.7, 8500, 2.53, 3.62,11.0,29.8, 3.37,  0.03,1050,+ ,  , 1.08,  ,48.0,  , -3.01,Methods 1 and 2,  , 4.05,y,11.20,10.50, 9.25, 8.40, 7.65,30000, ,1050,Z CMa
HU CMa         ,07 04 06.8,-11 26 08.0,13000, 4.20, 2.16, 3.2, 2.4, 0.80,  1.88,1240,  ,  , 0.14,  ,12.2,  , -6.35,Methods 1 and 2,  , 1.27,y,11.72,11.84,11.55,11.32,11.16,11900, ,1050,HU CMa
HD 53367       ,07 04 25.6,-10 27 15.8,29500, 4.25, 4.11,12.3, 4.3, 1.88,  0.08, 340,  ,  , 0.10,  ,    ,  ,      ,Methods 1 and 2,  ,     ,n, 6.80, 7.37, 6.95, 6.67, 6.30,29500, ,1050,HD 53367
PDS 241        ,07 08 38.8,-04 19 07.0,26000, 4.00, 4.11,11.6, 5.6, 2.60,  0.08,2907,  ,  , 0.05,  ,21.6,  , -5.56,Methods 1 and 2,  , 2.25,y,12.33,12.71,12.06,11.45,11.11,30000, ,7000,PDS 241
NX Pup         ,07 19 28.4,-44 35 08.8, 7000, 3.78, 1.28, 1.9, 3.0, 0.00,  4.92, 410,+ ,  , 0.08,  , 0.9,  , -6.96,Method 2       ,  , 0.34,y, 9.93, 9.96, 9.63, 9.38, 9.07, 7290, , 410,NX Pup
PDS 27         ,07 19 36.1,-17 39 17.9,17500, 3.16, 4.39,15.3,17.0, 5.03,  0.10,3170,+ ,  , 0.17,  ,40.0,  , -3.96,Methods 1 and 2,  , 3.49,y,14.61,14.32,13.00,12.00,10.98,17500, ,2900,PDS 27
PDS 133        ,07 25 05.1,-25 45 49.1,14000, 4.08, 2.46, 3.7, 2.9, 1.43,  1.27,2500,+ ,  , 1.26,  ,    ,  ,      ,Methods 1 and 2,  ,     ,n,13.57,13.61,13.13,12.79,12.50,14000, ,2500,PDS 133
HD 59319       ,07 28 36.9,-21 57 48.4,12500, 3.50, 3.03, 5.7, 7.0, 0.00,  0.32,1218,  ,  , 0.05,  , 3.4,  , -5.76,Methods 1 and 2,  , 1.65,y, 7.86, 8.23, 8.31, 8.34, 8.42,11900, ,    ,HD 59319
PDS 134        ,07 32 26.8,-21 55 35.3,14000, 3.40, 3.45, 7.6, 9.1, 1.22,  0.15,5687,  ,<=, 0.03,<=, 3.0,<=, -5.60,Method 2       ,<=, 1.82,y,12.50,12.61,12.20,11.92,11.65,14000, ,    ,PDS 134
HD 68695       ,08 11 44.3,-44 05 07.5, 9250, 4.40, 1.11, 1.8, 1.4, 0.00, 10.00, 344,  ,  , 0.05,  , 1.3,  , -7.78,Method 2       ,  ,-0.17,y,10.00, 9.92, 9.82, 9.76, 9.66, 9520, , 410,HD 68695
HD 72106       ,08 29 35.0,-38 36 18.5, 8750, 3.89, 1.63, 2.3, 2.8, 0.00,  3.76, 370,+ ,  , 0.31,  , 7.7,  , -6.21,Methods 1 and 2,  , 1.20,y, 8.39, 8.50, 8.50, 8.49, 8.49, 9810, , 370,HD 72106
TYC 8581-2002-1,08 44 23.5,-59 56 55.8, 9750, 4.00, 1.71, 2.3, 2.5, 0.94,  3.73, 902,  ,  , 0.15,  , 4.6,  , -6.58,Methods 1 and 2,  , 0.88,y,12.18,11.94,11.48,11.19,10.95, 8200,+, 145,TYC 8581-2002-1
PDS 33         ,08 48 45.4,-40 48 20.1, 9750, 4.40, 1.23, 1.9, 1.4, 0.52,  9.00, 932,* ,<=, 0.04,<=, 1.2,<=, -7.84,Methods 1 and 2,<=,-0.21,y,12.85,12.63,12.34,12.16,11.97, 9520, , 370,PDS 33
HD 76534       ,08 55 08.8,-43 27 57.3,19000, 4.10, 3.18, 6.0, 3.6, 0.62,  0.37, 568,  ,<=, 0.01,<=, 1.7,<=, -6.95,Methods 1 and 2,<=, 0.77,y, 7.68, 8.18, 8.07, 7.97, 7.84,20350, , 370,HD 76534
PDS 281        ,08 55 45.9,-44 25 11.4,16000, 3.50, 3.62, 8.3, 8.5, 1.89,  0.12, 936,  ,  ,     ,  ,    ,  ,      ,---            ,  ,     ,-, 9.43, 9.46, 8.87, 8.50, 8.08,17050, , 370,PDS 281
PDS 286        ,09 05 59.9,-47 18 55.2,30000, 4.25, 4.18,13.5, 4.6, 6.27,  0.10, 521,  ,  , 0.07,  ,64.6,  , -5.41,Methods 1 and 2,  , 2.55,y,14.39,13.91,12.15,10.91, 9.76,30000, , 370,PDS 286
PDS 297        ,09 42 40.0,-56 15 32.2,10750, 4.00, 1.93, 2.6, 2.7, 0.81,  2.77,1465,  ,<=, 0.01,<=, 0.4,<=, -7.60,Method 2       ,<=,-0.12,y,12.50,12.34,12.03,11.83,11.59, 7850, , 145,TYC 8593-2802-1
HD 85567       ,09 50 28.3,-60 57 59.5,13000, 3.50, 3.13, 6.0, 7.2, 0.89,  0.27, 907,  ,  , 0.55,  ,    ,  ,      ,Methods 1 and 2,  ,     ,n, 8.11, 8.65, 8.51, 8.33, 8.08,12450, , 650,HD 85567
HD 87403       ,10 02 51.3,-59 16 52.7,10000, 3.30, 2.83, 5.5, 8.7, 0.00,  0.32,1801,  ,  , 0.05,  , 1.5,  , -5.82,Method 2       ,  , 1.48,y, 9.28, 9.31, 9.26, 9.22, 9.16,10100, , 145,HD 87403
PDS 37         ,10 10 00.3,-57 02 04.4,17500, 2.94, 4.75,21.1,25.8, 5.81,  0.10,4310,+ ,  , 0.16,  ,40.0,  , -3.56,Method 1       ,  , 3.85,y,15.56,15.06,13.54,12.38,11.21,17500, ,3700,PDS 37
HD 305298      ,10 33 05.0,-60 19 48.6,34000, 4.31, 4.46,15.7, 4.6, 1.30,  0.02,3366,* ,  , 0.06,  ,    ,  ,      ,Method 2       ,  ,     ,n,10.36,11.07,10.86,10.66,10.47,36900, ,    ,HD 305298
HD 94509       ,10 53 27.2,-58 25 21.4,11500, 2.90, 3.76,10.8,19.2, 0.00,  0.05,4384,  ,  ,     ,  ,    ,  ,      ,---            ,  ,     ,-, 9.01, 9.15, 9.12, 9.10, 9.10, 9730, ,    ,HD 94509
HD 95881       ,11 01 57.1,-71 30 46.9,10000, 3.20, 2.98, 6.2,10.3, 0.00,  0.21,1290,  ,<=, 0.05,<=, 1.5,<=, -5.65,Methods 1 and 2,<=, 1.63,y, 8.53, 8.36, 8.19,     ,     , 8990, , 118,HD 95881
HD 96042       ,11 03 40.6,-59 25 55.9,25500, 3.80, 4.36,14.0, 7.8, 0.78,  0.02,1792,  ,  , 0.12,  ,94.4,  , -4.57,Methods 1 and 2,  , 3.18,y, 7.89, 8.60, 8.47, 8.36, 8.23,25400, ,    ,HD 96042
HD 97048       ,11 08 03.0,-77 39 16.0,10500, 4.30, 1.52, 2.2, 1.7, 0.90,  5.12, 171,  ,<=, 0.01,<=, 0.4,<=, -8.16,Method 2       ,<=,-0.55,y, 8.96, 8.80, 8.44, 8.20, 7.95,10010, , 160,HD 97048
HD 98922       ,11 22 31.5,-53 22 09.0,10500, 3.60, 2.48, 4.0, 5.2, 0.09,  0.84, 346,  ,<=, 0.01,<=, 0.4,<=, -6.97,Method 2       ,<=, 0.41,y, 6.74, 6.82, 6.77, 6.69, 6.61,10500, , 850,HD 98922
HD 100453      ,11 33 05.3,-54 19 26.1, 7250, 4.08, 0.93, 1.5, 1.9, 0.00,  9.97, 122,+ ,<=, 0.01,<=, 0.1,<=, -8.31,Methods 1 and 2,<=,-0.92,y, 8.10, 8.07, 7.78, 7.60, 7.42, 7390, , 122,HD 100453
HD 100546      ,11 33 25.1,-70 11 39.6, 9750, 4.34, 1.29, 1.9, 1.5, 0.00,  7.02,  97,+ ,  , 0.18,  , 6.1,  , -7.04,Methods 1 and 2,  , 0.56,y, 6.60, 6.70, 6.69, 6.67, 6.66,10500, ,  97,HD 100546
HD 101412      ,11 39 44.3,-60 10 25.1, 9750, 4.30, 1.36, 2.0, 1.7, 0.21,  6.35, 301,  ,<=, 0.04,<=, 1.2,<=, -7.61,Methods 1 and 2,<=,-0.04,y, 9.57, 9.42, 9.24, 9.13, 9.00,10010, , 118,HD 101412
PDS 344        ,11 40 32.8,-64 32 03.0,15250, 4.30, 2.39, 3.7, 2.3, 0.86,  1.48,2756,  ,<=, 0.03,<=, 3.5,<=, -7.02,Methods 1 and 2,<=, 0.68,y,13.09,13.40,13.15,12.95,12.77,15400, ,    ,PDS 344
HD 104237      ,12 00 04.8,-78 11 31.9, 8000, 3.89, 1.41, 2.0, 2.6, 0.00,  4.92, 115,+ ,  , 0.17,  , 2.8,  , -6.68,Methods 1 and 2,  , 0.70,y, 6.64, 6.73, 6.52, 6.38, 6.23, 8410, , 115,HD 104237
V1028 Cen      ,13 01 17.6,-48 53 17.0,14000, 3.80, 2.85, 4.7, 4.5, 0.57,  0.59,1843,  ,  , 0.10,  ,10.6,  , -5.76,Method 1       ,  , 1.76,y,10.39,10.70,10.61,10.48,10.33,14100, , 130,V1028 Cen
PDS 361S       ,13 03 21.6,-62 13 23.5,18500, 3.80, 3.53, 7.4, 5.7, 1.90,  0.19,4385,  ,  , 0.12,  ,26.2,  , -5.26,Methods 1 and 2,  , 2.35,y,13.10,13.35,12.85,12.49,12.09,18700, ,    ,PDS 361
HD 114981      ,13 14 40.4,-38 39 05.0,16000, 3.60, 3.47, 7.3, 7.1, 0.00,  0.18, 908,  ,<=, 0.06,<=, 8.1,<=, -5.48,Methods 1 and 2,<=, 2.03,y, 6.55, 7.13, 7.23, 7.27, 7.33,15400,+, 550,HD 114981
PDS 364        ,13 20 03.5,-62 23 51.7,12500, 4.20, 2.06, 3.1, 2.3, 1.87,  2.19,1715,  ,  , 0.28,  ,26.8,  , -6.05,Methods 1 and 2,  , 1.58,y,13.85,13.93,13.46,13.05,12.63,11900, , 118,PDS 364
PDS 69         ,13 57 44.0,-39 58 47.0,15000, 4.00, 2.72, 4.3, 3.4, 1.60,  0.84, 630,  ,  , 0.31,  ,62.8,  , -5.32,Methods 1 and 2,  , 2.28,y, 9.92,10.12, 9.80, 9.50, 9.12,17050, , 630,PDS 69
DG Cir         ,15 03 23.4,-63 22 57.2,11000, 4.41, 1.49, 2.2, 1.5, 3.94,  5.95, 713,+*,  , 0.79,  ,    ,  ,      ,Methods 1 and 2,  ,     ,n,15.96,15.87,14.75,13.96,13.06,15000, , 700,DG Cir
HD 132947      ,15 04 56.2,-63 07 50.0,10250, 3.90, 1.97, 2.7, 3.1, 0.00,  2.44, 565,  ,  , 0.06,  , 2.1,  , -6.71,Methods 1 and 2,  , 0.73,y, 8.87, 8.96, 8.91, 8.89, 8.89,10500, ,    ,HD 132947
HD 135344B     ,15 15 48.2,-37 09 16.7, 6375, 3.94, 0.85, 1.5, 2.2, 0.23,  7.99, 140,+ ,  , 0.07,  , 0.7,  , -7.37,Methods 1 and 2,  ,-0.04,y, 9.14, 9.14, 8.63, 8.16, 7.83, 6590, , 140,HD 135344B
HD 139614      ,15 40 46.3,-42 29 51.4, 7750, 4.31, 0.82, 1.5, 1.4, 0.00, 15.64, 140,+ ,  , 0.09,  , 1.5,  , -7.63,Method 1       ,  ,-0.10,y, 8.67, 8.64, 8.40, 8.26, 8.11, 7850, , 140,HD 139614
PDS 144S       ,15 49 15.4,-26 00 52.8, 7750, 4.13, 1.02, 1.6, 1.8, 0.57,  9.45,1000,+ ,<=, 0.01,<=, 0.1,<=, -8.35,Method 1       ,<=,-0.90,y,13.59,13.28,12.79,12.49,12.16, 8200, ,1000,NAme PDS 144S
HD 141569      ,15 49 57.8,-03 55 18.6, 9750, 4.35, 1.28, 1.9, 1.5, 0.01,  9.00, 112,  ,  , 0.05,  , 1.5,  , -7.65,Method 1       ,  ,-0.05,y, 7.23, 7.20, 7.10, 7.03, 6.95, 9520, , 116,HD 141569
HD 141926      ,15 54 21.5,-55 19 41.3,28000, 3.75, 4.70,19.4, 9.7, 2.40,  0.00,1254,  ,  , 0.20,  ,    ,  ,      ,Methods 1 and 2,  ,     ,n, 8.72, 9.20, 8.64, 8.21, 7.77,20300, ,    ,HD 141926
HD 142666      ,15 56 40.2,-22 01 39.5, 7500, 4.13, 0.96, 1.6, 1.8, 0.50, 10.43, 145,+ ,<=, 0.01,<=, 0.1,<=, -8.38,Methods 1 and 2,<=,-0.93,y, 9.42, 9.17, 8.67, 8.35, 8.01, 7580, , 145,HD 142666
HD 142527      ,15 56 41.8,-42 19 21.0, 6500, 3.93, 0.90, 1.6, 2.2, 0.00,  8.08, 140,+ ,  , 0.06,  , 0.6,  , -7.45,Method 1       ,  ,-0.09,y, 9.20, 9.15, 8.27,     ,     , 6260, , 140,HD 142527
HD 144432      ,16 06 57.8,-27 43 07.4, 7500, 4.05, 1.04, 1.6, 2.0, 0.00,  8.72, 160,+ ,  , 0.07,  , 1.0,  , -7.38,Methods 1 and 2,  , 0.02,y, 8.64, 8.53, 8.17, 7.94, 7.72, 7350, , 160,HD 144432
HD 144668      ,16 08 34.0,-39 06 19.4, 8500, 3.75, 1.76, 2.5, 3.5, 0.33,  2.70, 160,+ ,  , 0.20,  , 3.9,  , -6.25,Methods 1 and 2,  , 1.10,y, 7.28, 7.11, 6.78, 6.57, 6.38, 7930, , 160,HD 144668
HD 145718      ,16 13 11.4,-22 29 08.3, 8000, 4.37, 0.82, 1.5, 1.3, 0.74, 19.54, 134,+*,<=, 0.01,<=, 0.2,<=, -8.51,Method 1       ,<=,-1.01,y,10.00, 9.62, 9.10, 8.79, 8.45, 8200, , 145,HD 145718
PDS 415N       ,16 18 37.4,-24 05 22.0, 6250, 4.47, 0.13, 1.1, 1.0, 1.11,336.02, 197,+*,<=, 0.04,<=, 0.5,<=, -8.45,Methods 1 and 2,<=,-0.91,y,13.43,12.96,12.04,11.47,10.85, 7200, , 120,PDS 145
HD 150193      ,16 40 17.7,-23 53 47.0, 9000, 4.27, 1.21, 1.9, 1.7, 1.55,  7.22, 120,+ ,  , 0.07,  , 1.6,  , -7.45,Method 2       ,  , 0.10,y, 9.69, 9.33, 8.80, 8.41, 7.97,10010, , 120,HD 150193
AK Sco         ,16 54 45.0,-36 53 17.1, 6250, 4.26, 0.38, 1.2, 1.3, 0.00, 17.71, 103,+ ,<=, 0.04,<=, 0.4,<=, -7.90,Method 1       ,<=,-0.52,y, 9.56, 9.53, 8.90, 8.54, 8.18, 6450, , 130,AK Sco
PDS 431        ,16 54 58.9,-43 21 47.7,10500, 3.70, 2.32, 3.5, 4.4, 1.76,  1.19,2875,  ,  , 0.11,  , 4.3,  , -6.06,Methods 1 and 2,  , 1.34,y,14.20,13.99,13.42,13.02,12.59, 9520, , 145,PDS 431
KK Oph         ,17 10 07.9,-27 15 18.6, 8500, 4.38, 0.94, 1.6, 1.4, 2.70, 15.16, 279,+*,<=, 0.05,<=, 1.0,<=, -7.84,Method 2       ,<=,-0.29,y,13.17,12.97,12.36,11.83,11.03, 8030, , 145,KK Oph
HD 163296      ,17 56 21.4,-21 57 21.7, 9250, 4.30, 1.23, 1.9, 1.6, 0.00,  7.56, 101,  ,  , 0.07,  , 1.8,  , -7.49,Method 2       ,  , 0.08,y, 7.00, 6.96, 6.85, 6.80, 6.71, 8720, , 119,HD 163296
MWC 297        ,18 27 39.7,-03 49 53.1,24500, 4.00, 3.95,10.2, 5.3, 8.47,  0.10, 170,  ,  , 0.11,  ,56.3,  , -5.16,Methods 1 and 2,  , 2.62,y,14.94,14.27,12.03,10.18, 8.80,23700, , 250,MWC 297
