05 04 29.9,-03 47 16.8
05 06 55.4,-03 21 16.0
05 11 36.5,-02 22 51.1
05 16 00.4,-09 48 38.5
05 24 08.1,+02 27 44.4
05 24 42.8,+01 43 45.4
05 27 05.3,+00 25 04.9
05 27 42.6,-08 19 40.8
05 29 48.0,-00 23 45.8
05 30 18.9,+11 20 18.2
05 31 28.1,+12 09 07.6
05 31 57.3,+11 17 38.8
05 32 00.4,-04 55 54.6
05 35 09.7,+10 01 49.9
05 35 50.6,-05 28 36.9
05 36 25.5,-06 42 58.9
05 36 59.1,-06 09 17.9
05 37 02.5,-01 37 21.3
05 37 13.2,-06 35 03.3
05 37 47.2,-06 42 31.7
05 38 05.3,-01 15 22.2
05 38 14.6,-05 25 14.4
05 38 58.4,-07 16 49.2
05 40 11.9,-09 42 12.2
06 01 59.9,+16 30 53.4
06 02 15.0,-10 01 01.4
06 06 58.5,-05 55 09.2
06 10 57.7,-06 14 41.8
06 31 06.8,+10 26 02.9
06 39 10.0,+08 44 08.2
06 40 44.7,+09 47 59.7
06 48 41.8,-16 48 06.0
06 49 58.7,-07 38 52.1
06 55 40.1,-03 09 53.1
07 01 49.6,-11 18 03.9
07 02 42.7,-11 26 12.3
07 03 43.2,-11 33 06.7
07 04 06.8,-11 26 08.0
07 04 25.6,-10 27 15.8
07 08 38.8,-04 19 07.0
07 19 28.4,-44 35 08.8
07 19 36.1,-17 39 17.9
07 25 05.1,-25 45 49.1
07 28 36.9,-21 57 48.4
07 32 26.8,-21 55 35.3
08 11 44.3,-44 05 07.5
08 29 35.0,-38 36 18.5
08 44 23.5,-59 56 55.8
08 48 45.4,-40 48 20.1
08 55 08.8,-43 27 57.3
08 55 45.9,-44 25 11.4
09 05 59.9,-47 18 55.2
09 42 40.0,-56 15 32.2
09 50 28.3,-60 57 59.5
10 02 51.3,-59 16 52.7
10 10 00.3,-57 02 04.4
10 33 05.0,-60 19 48.6
10 53 27.2,-58 25 21.4
11 01 57.1,-71 30 46.9
11 03 40.6,-59 25 55.9
11 08 03.0,-77 39 16.0
11 22 31.5,-53 22 09.0
11 33 05.3,-54 19 26.1
11 33 25.1,-70 11 39.6
11 39 44.3,-60 10 25.1
11 40 32.8,-64 32 03.0
12 00 04.8,-78 11 31.9
13 01 17.6,-48 53 17.0
13 03 21.6,-62 13 23.5
13 14 40.4,-38 39 05.0
13 20 03.5,-62 23 51.7
13 57 44.0,-39 58 47.0
15 03 23.4,-63 22 57.2
15 04 56.2,-63 07 50.0
15 15 48.2,-37 09 16.7
15 40 46.3,-42 29 51.4
15 49 15.4,-26 00 52.8
15 49 57.8,-03 55 18.6
15 54 21.5,-55 19 41.3
15 56 40.2,-22 01 39.5
15 56 41.8,-42 19 21.0
16 06 57.8,-27 43 07.4
16 08 34.0,-39 06 19.4
16 13 11.4,-22 29 08.3
16 18 37.4,-24 05 22.0
16 40 17.7,-23 53 47.0
16 54 45.0,-36 53 17.1
16 54 58.9,-43 21 47.7
17 10 07.9,-27 15 18.6
17 56 21.4,-21 57 21.7
18 27 39.7,-03 49 53.1
